Workbook

Sheet Dane
A1: Użytkownik | B1: Źródło ruchu | C1: Urządzenie | D1: Kraj | E1: Nowy/Powracający | F1: Wskaźnik odrzuceń (%) | G1: Średni czas na stronie (min) | H1: Liczba przeglądanych stron | I1: Wartość koszyka (€) | J1: Czy dokonano zakupu?
A2: 1 | B2: Google Ads | C2: Mobile | D2: Polska | E2: Nowy | F2: 75 | G2: 1.2 | H2: 3 | I2: 0 | J2: Nie
A3: 2 | B3: Social Media | C3: Desktop | D3: Niemcy | E3: Powracający | F3: 20 | G3: 4.5 | H3: 10 | I3: 150 | J3: Tak
A4: 3 | B4: Organic Search | C4: Mobile | D4: Wielka Brytania | E4: Nowy | F4: 85 | G4: 0.9 | H4: 2 | I4: 0 | J4: Nie
A5: 4 | B5: Google Ads | C5: Tablet | D5: Polska | E5: Powracający | F5: 40 | G5: 3.1 | H5: 6 | I5: 85 | J5: Tak
A6: 5 | B6: Social Media | C6: Mobile | D6: Niemcy | E6: Nowy | F6: 65 | G6: 1.7 | H6: 4 | I6: 30 | J6: Tak
A7: 6 | B7: Organic Search | C7: Desktop | D7: Polska | E7: Nowy | F7: 50 | G7: 2.5 | H7: 5 | I7: 0 | J7: Nie
A8: 7 | B8: Google Ads | C8: Desktop | D8: Wielka Brytania | E8: Powracający | F8: 15 | G8: 5.2 | H8: 12 | I8: 200 | J8: Tak
A9: 8 | B9: Social Media | C9: Mobile | D9: Polska | E9: Nowy | F9: 80 | G9: 1 | H9: 2 | I9: 0 | J9: Nie
A10: 9 | B10: Organic Search | C10: Mobile | D10: Niemcy | E10: Powracający | F10: 45 | G10: 3.4 | H10: 7 | I10: 75 | J10: Tak
A11: 10 | B11: Google Ads | C11: Desktop | D11: Polska | E11: Powracający | F11: 35 | G11: 3.7 | H11: 9 | I11: 120 | J11: Tak
A12: 11 | B12: Social Media | C12: Tablet | D12: Wielka Brytania | E12: Nowy | F12: 70 | G12: 1.8 | H12: 3 | I12: 0 | J12: Nie
A13: 12 | B13: Organic Search | C13: Mobile | D13: Niemcy | E13: Nowy | F13: 90 | G13: 0.7 | H13: 1 | I13: 0 | J13: Nie
... A16: 15 | B16: Organic Search | C16: Tablet | D16: Wielka Brytania | E16: Nowy | F16: 60 | G16: 2.3 | H16: 5 | I16: 0 | J16: Nie

Sheet Wyniki
A1: 1. Źródło ruchu
A2: Źródło ruchu | B2: Użytkownicy | C2: Zakupy | D2: Konwersja | E2: Średni koszyk | F2: Odrzucenia (%) | G2: Średni czas (min)
A3: Google Ads | B3: =COUNTIF(Dane!$B$2:$B$16,A3) -> 5 | C3: =COUNTIFS(Dane!$B$2:$B$16,A3,Dane!$J$2:$J$16,"Tak") -> 4 | D3: =C3/B3 -> 0.8 | E3: =AVERAGEIFS(Dane!$I$2:$I$16,Dane!$B$2:$B$16,A3,Dane!$J$2:$J$16,"Tak") -> 125 | F3: =ROUND(AVERAGEIF(Dane!$B$2:$B$16,A3,Dane!$F$2:$F$16),1) -> 39 | G3: =ROUND(AVERAGEIF(Dane!$B$2:$B$16,A3,Dane!$G$2:$G$16),1) -> 3.5
A4: Social Media | B4: =COUNTIF(Dane!$B$2:$B$16,A4) -> 5 | C4: =COUNTIFS(Dane!$B$2:$B$16,A4,Dane!$J$2:$J$16,"Tak") -> 3 | D4: =C4/B4 -> 0.6 | E4: =AVERAGEIFS(Dane!$I$2:$I$16,Dane!$B$2:$B$16,A4,Dane!$J$2:$J$16,"Tak") -> 120 | F4: =ROUND(AVERAGEIF(Dane!$B$2:$B$16,A4,Dane!$F$2:$F$16),1) -> 52 | G4: =ROUND(AVERAGEIF(Dane!$B$2:$B$16,A4,Dane!$G$2:$G$16),1) -> 2.6
A5: Organic Search | B5: =COUNTIF(Dane!$B$2:$B$16,A5) -> 5 | C5: =COUNTIFS(Dane!$B$2:$B$16,A5,Dane!$J$2:$J$16,"Tak") -> 1 | D5: =C5/B5 -> 0.2 | E5: =AVERAGEIFS(Dane!$I$2:$I$16,Dane!$B$2:$B$16,A5,Dane!$J$2:$J$16,"Tak") -> 75 | F5: =ROUND(AVERAGEIF(Dane!$B$2:$B$16,A5,Dane!$F$2:$F$16),1) -> 66 | G5: =ROUND(AVERAGEIF(Dane!$B$2:$B$16,A5,Dane!$G$2:$G$16),1) -> 2
A8: 2. Urządzenia
A9: Urządzenie | B9: Użytkownicy | C9: Zakupy | D9: Konwersja | E9: Średni koszyk | F9: Odrzucenia (%)
A10: Desktop | B10: =COUNTIF(Dane!$C$2:$C$16,A10) -> 5 | C10: =COUNTIFS(Dane!$C$2:$C$16,A10,Dane!$J$2:$J$16,"Tak") -> 4 | D10: =C10/B10 -> 0.8 | E10: =AVERAGEIFS(Dane!$I$2:$I$16,Dane!$C$2:$C$16,A10,Dane!$J$2:$J$16,"Tak") -> 162.5 | F10: =ROUND(AVERAGEIF(Dane!$C$2:$C$16,A10,Dane!$F$2:$F$16),1) -> 29
A11: Mobile | B11: =COUNTIF(Dane!$C$2:$C$16,A11) -> 7 | C11: =COUNTIFS(Dane!$C$2:$C$16,A11,Dane!$J$2:$J$16,"Tak") -> 3 | D11: =C11/B11 -> 0.42857143 | E11: =AVERAGEIFS(Dane!$I$2:$I$16,Dane!$C$2:$C$16,A11,Dane!$J$2:$J$16,"Tak") -> 66.666667 | F11: =ROUND(AVERAGEIF(Dane!$C$2:$C$16,A11,Dane!$F$2:$F$16),1) -> 67.1
A12: Tablet | B12: =COUNTIF(Dane!$C$2:$C$16,A12) -> 3 | C12: =COUNTIFS(Dane!$C$2:$C$16,A12,Dane!$J$2:$J$16,"Tak") -> 1 | D12: =C12/B12 -> 0.33333333 | E12: =AVERAGEIFS(Dane!$I$2:$I$16,Dane!$C$2:$C$16,A12,Dane!$J$2:$J$16,"Tak") -> 85 | F12: =ROUND(AVERAGEIF(Dane!$C$2:$C$16,A12,Dane!$F$2:$F$16),1) -> 56.7
A15: 3. Kraje
A16: Kraj | B16: Użytkownicy | C16: Zakupy | D16: Konwersja | E16: Średni koszyk | F16: Odrzucenia (%)
A17: Niemcy | B17: =COUNTIF(Dane!$D$2:$D$16,A17) -> 5 | C17: =COUNTIFS(Dane!$D$2:$D$16,A17,Dane!$J$2:$J$16,"Tak") -> 4 | D17: =C17/B17 -> 0.8 | E17: =AVERAGEIFS(Dane!$I$2:$I$16,Dane!$D$2:$D$16,A17,Dane!$J$2:$J$16,"Tak") -> 87.5 | F17: =ROUND(AVERAGEIF(Dane!$D$2:$D$16,A17,Dane!$F$2:$F$16),1) -> 50
A18: Polska | B18: =COUNTIF(Dane!$D$2:$D$16,A18) -> 6 | C18: =COUNTIFS(Dane!$D$2:$D$16,A18,Dane!$J$2:$J$16,"Tak") -> 3 | D18: =C18/B18 -> 0.5 | E18: =AVERAGEIFS(Dane!$I$2:$I$16,Dane!$D$2:$D$16,A18,Dane!$J$2:$J$16,"Tak") -> 128.33333 | F18: =ROUND(AVERAGEIF(Dane!$D$2:$D$16,A18,Dane!$F$2:$F$16),1) -> 50.8
A19: Wielka Brytania | B19: =COUNTIF(Dane!$D$2:$D$16,A19) -> 4 | C19: =COUNTIFS(Dane!$D$2:$D$16,A19,Dane!$J$2:$J$16,"Tak") -> 1 | D19: =C19/B19 -> 0.25 | E19: =AVERAGEIFS(Dane!$I$2:$I$16,Dane!$D$2:$D$16,A19,Dane!$J$2:$J$16,"Tak") -> 200 | F19: =ROUND(AVERAGEIF(Dane!$D$2:$D$16,A19,Dane!$F$2:$F$16),1) -> 57.5
A22: 3. Kraje – nowi i powracający
A23: Kraj | B23: Nowi | C23: Zakupy nowych | D23: Powracający | E23: Zakupy powracających | F23: Odrzucenia nowych (%) | G23: Odrzucenia powracających (%)
A24: Niemcy | B24: =COUNTIFS(Dane!$D$2:$D$16,A24,Dane!$E$2:$E$16,"Nowy") -> 2 | C24: =COUNTIFS(Dane!$D$2:$D$16,A24,Dane!$E$2:$E$16,"Nowy",Dane!$J$2:$J$16,"Tak") -> 1 | D24: =COUNTIFS(Dane!$D$2:$D$16,A24,Dane!$E$2:$E$16,"Powracający") -> 3 | E24: =COUNTIFS(Dane!$D$2:$D$16,A24,Dane!$E$2:$E$16,"Powracający",Dane!$J$2:$J$16,"Tak") -> 3 | F24: =ROUND(AVERAGEIFS(Dane!$F$2:$F$16,Dane!$D$2:$D$16,A24,Dane!$E$2:$E$16,"Nowy"),1) -> 77.5 | G24: =ROUND(AVERAGEIFS(Dane!$F$2:$F$16,Dane!$D$2:$D$16,A24,Dane!$E$2:$E$16,"Powracający"),1) -> 31.7
A25: Polska | B25: =COUNTIFS(Dane!$D$2:$D$16,A25,Dane!$E$2:$E$16,"Nowy") -> 3 | C25: =COUNTIFS(Dane!$D$2:$D$16,A25,Dane!$E$2:$E$16,"Nowy",Dane!$J$2:$J$16,"Tak") -> 0 | D25: =COUNTIFS(Dane!$D$2:$D$16,A25,Dane!$E$2:$E$16,"Powracający") -> 3 | E25: =COUNTIFS(Dane!$D$2:$D$16,A25,Dane!$E$2:$E$16,"Powracający",Dane!$J$2:$J$16,"Tak") -> 3 | F25: =ROUND(AVERAGEIFS(Dane!$F$2:$F$16,Dane!$D$2:$D$16,A25,Dane!$E$2:$E$16,"Nowy"),1) -> 68.3 | G25: =ROUND(AVERAGEIFS(Dane!$F$2:$F$16,Dane!$D$2:$D$16,A25,Dane!$E$2:$E$16,"Powracający"),1) -> 33.3
A26: Wielka Brytania | B26: =COUNTIFS(Dane!$D$2:$D$16,A26,Dane!$E$2:$E$16,"Nowy") -> 3 | C26: =COUNTIFS(Dane!$D$2:$D$16,A26,Dane!$E$2:$E$16,"Nowy",Dane!$J$2:$J$16,"Tak") -> 0 | D26: =COUNTIFS(Dane!$D$2:$D$16,A26,Dane!$E$2:$E$16,"Powracający") -> 1 | E26: =COUNTIFS(Dane!$D$2:$D$16,A26,Dane!$E$2:$E$16,"Powracający",Dane!$J$2:$J$16,"Tak") -> 1 | F26: =ROUND(AVERAGEIFS(Dane!$F$2:$F$16,Dane!$D$2:$D$16,A26,Dane!$E$2:$E$16,"Nowy"),1) -> 71.7 | G26: =ROUND(AVERAGEIFS(Dane!$F$2:$F$16,Dane!$D$2:$D$16,A26,Dane!$E$2:$E$16,"Powracający"),1) -> 15
A29: 4. Nowi i powracający użytkownicy
A30: Typ użytkownika | B30: Użytkownicy | C30: Zakupy | D30: Konwersja | E30: Średni czas (min) | F30: Odrzucenia (%)
A31: Nowy | B31: =COUNTIF(Dane!$E$2:$E$16,A31) -> 8 | C31: =COUNTIFS(Dane!$E$2:$E$16,A31,Dane!$J$2:$J$16,"Tak") -> 1 | D31: =C31/B31 -> 0.125 | E31: =ROUND(AVERAGEIF(Dane!$E$2:$E$16,A31,Dane!$G$2:$G$16),1) -> 1.5 | F31: =ROUND(AVERAGEIF(Dane!$E$2:$E$16,A31,Dane!$F$2:$F$16),1) -> 71.9
A32: Powracający | B32: =COUNTIF(Dane!$E$2:$E$16,A32) -> 7 | C32: =COUNTIFS(Dane!$E$2:$E$16,A32,Dane!$J$2:$J$16,"Tak") -> 7 | D32: =C32/B32 -> 1 | E32: =ROUND(AVERAGEIF(Dane!$E$2:$E$16,A32,Dane!$G$2:$G$16),1) -> 4 | F32: =ROUND(AVERAGEIF(Dane!$E$2:$E$16,A32,Dane!$F$2:$F$16),1) -> 30
